Mean,Std,IC95
0.0737773212,0.0036039996437803277,0.0031590449721961133
